id;title;content;creation_date
1;Solutions Cove;Agent;2020-11-16
2;Savings Account functionalities;UAE Dirham International Quality-focused;2020-11-16
3;metrics FTP invoice;orchestrate;2020-11-16
4;Computer compressing;executive card;2020-11-16
5;non-volatile Station;Fantastic Implementation Handcrafted Concrete Salad;2020-11-16
6;Regional;Small Frozen Bacon supply-chains indigo;2020-11-16
7;Infrastructure XML;transitional;2020-11-16
8;Nebraska Senior;Licensed Plastic Salad;2020-11-16
9;Bedfordshire virtual;bypassing Checking Account synergistic;2020-11-16
10;synthesize;static Fish;2020-11-16
